--person
INSERT INTO PERSON VALUES ('1','Shafqat','Rakin','1-F','1207','Dhaka','123456','Male','shafqatrakin@gmail.com',TO_DATE('31 OCT,1999', 'DD MON,YYYY'),4.67);
INSERT INTO PERSON VALUES ('2','Samira','Akter','12-A','1209','Dhaka','234567','Female','samira@gmail.com',TO_DATE('23 APR,1998', 'DD MON,YYYY'),4.80);
INSERT INTO PERSON VALUES ('3','Sayem','Hasan','12-D','1209','Dhaka','345678','Male','saemhasan@gmail.com',TO_DATE('21 JUN,1999', 'DD MON,YYYY'),4.75);
INSERT INTO PERSON VALUES ('4','Simantika','Dristi','2-B','1212','Dhaka','456789','Female','queendristi@gmail.com',TO_DATE('21 JAN,1997', 'DD MON,YYYY'),4.23);
INSERT INTO PERSON VALUES ('5','Joy','Saha','3-D','1212','Dhaka','567891','Male','joysaha@gmail.com',TO_DATE('24 OCT,1999', 'DD MON,YYYY'),4.62);
INSERT INTO PERSON VALUES ('6','Kowshik','Roy','10-A','1209','Dhaka','678912','Male','kowshikroy@gmail.com',TO_DATE('21 MAR,1999', 'DD MON,YYYY'),4.85);
INSERT INTO PERSON VALUES ('7','Fahim','Hakim','11-A','1236','Dhaka','789123','Male','fahimhakim@gmail.com',TO_DATE('14 OCT,1999', 'DD MON,YYYY'),4.80);
INSERT INTO PERSON VALUES ('8','Mahdi','Siyam','10-D','1236','Dhaka','891234','Male','mahdibuet@gmail.com',TO_DATE('10 MAY,1999', 'DD MON,YYYY'),4.67);
INSERT INTO PERSON VALUES ('9','Ramisa','Alam','9-C','1211','Dhaka','912345','Female','ramisaalam@gmail.com',TO_DATE('22 AUG,1999', 'DD MON,YYYY'),4.78);
INSERT INTO PERSON VALUES ('10','Mashiat','Mushtaq','8-B','1211','Dhaka','342211','Female','mashiat@gmail.com',TO_DATE('24 AUG,1999', 'DD MON,YYYY'),4.67);
INSERT INTO PERSON VALUES ('11','Saiful','Islam','1-C','1000','Dhaka','456776','Male','saiful@gmail.com',TO_DATE('20 JAN,1999', 'DD MON,YYYY'),4.67);
INSERT INTO PERSON VALUES ('12','Dipto','Mohan','3-D','1000','Dhaka','234312','Male','diptomohan@gmail.com',TO_DATE('13 SEP,1999', 'DD MON,YYYY'),4.24);
INSERT INTO PERSON VALUES ('13','Moniruzzaman','khan','2-C','1217','Dhaka','122111','Male','manirzaman@gmail.com',TO_DATE('21 MAR,1983', 'DD MON,YYYY'),4.80);
INSERT INTO PERSON VALUES ('14','Md','Golam','1-D','1341','Dhaka','434356','Male','mdgolam@gmail.com',TO_DATE('18 AUG,1989', 'DD MON,YYYY'),4.88);
INSERT INTO PERSON VALUES ('15','Sadekul','Islam','3-D','1217','Dhaka','786754','Male','sadislam@gmail.com',TO_DATE('28 JUN,1983', 'DD MON,YYYY'),4.72);
INSERT INTO PERSON VALUES ('16','Af','Ahsan','3-A','1341','Dhaka','765465','Male','ahsan12@gmail.com',TO_DATE('12 MAR,1986', 'DD MON,YYYY'),4.85);
INSERT INTO PERSON VALUES ('17','Shawon','Ahmed','2-A','1341','Dhaka','323241','Male','shaonahmed@gmail.com',TO_DATE('11 MAR,1983', 'DD MON,YYYY'),4.87);
--newly inserted data
INSERT INTO PERSON VALUES ('18','Golam','Mahmud','3-C','1341','Dhaka','121232','Male','golammahmud@gmail.com',TO_DATE('23 MAR,1989', 'DD MON,YYYY'),4.60,5);
INSERT INTO PERSON VALUES ('19','Amin','Khandaker','2-D','1341','Dhaka','453412','Male','akhandaker@gmail.com',TO_DATE('28 JUN,1991', 'DD MON,YYYY'),4.84,5);
INSERT INTO PERSON VALUES ('20','Akash','Mia','1_A','1341','Dhaka','651872','Male','akashmia@gmail.com',TO_DATE('19 APR,1983', 'DD MON,YYYY'),4.72,5);
INSERT INTO PERSON VALUES ('21','Mohammad','Alam','2-C','1341','Dhaka','123432','Male','mhmalam@gmail.com',TO_DATE('07 JAN,1982', 'DD MON,YYYY'),4.84,5);
INSERT INTO PERSON VALUES ('22','Suruj','Mia','3-C','1341','Dhaka','129012','Male','surujmia@gmail.com',TO_DATE('21 MAR,1983', 'DD MON,YYYY'),4.78,5);
--person number
INSERT INTO PERSON_NUMBER VALUES ('1','01521560131');
INSERT INTO PERSON_NUMBER VALUES ('1','01926749123');
INSERT INTO PERSON_NUMBER VALUES ('2','01553344448');
INSERT INTO PERSON_NUMBER VALUES ('2','01672368512');
INSERT INTO PERSON_NUMBER VALUES ('3','01912980381');
INSERT INTO PERSON_NUMBER VALUES ('4','01552344338');
INSERT INTO PERSON_NUMBER VALUES ('5','01913980381');
INSERT INTO PERSON_NUMBER VALUES ('6','01772897611');
INSERT INTO PERSON_NUMBER VALUES ('6','01674398714');
INSERT INTO PERSON_NUMBER VALUES ('7','01920009812');
INSERT INTO PERSON_NUMBER VALUES ('8','01726639656');
INSERT INTO PERSON_NUMBER VALUES ('9','01729019199');
INSERT INTO PERSON_NUMBER VALUES ('10','01533678134');
INSERT INTO PERSON_NUMBER VALUES ('11','01674456663');
INSERT INTO PERSON_NUMBER VALUES ('12','01990199910');
INSERT INTO PERSON_NUMBER VALUES ('13','01890123430');
INSERT INTO PERSON_NUMBER VALUES ('14','01550199910');
INSERT INTO PERSON_NUMBER VALUES ('15','01723199916');
INSERT INTO PERSON_NUMBER VALUES ('16','01920123910');
INSERT INTO PERSON_NUMBER VALUES ('17','01772311090');
--newly inserted
INSERT INTO PERSON_NUMBER VALUES ('18','01762311870');
INSERT INTO PERSON_NUMBER VALUES ('19','01670011090');
INSERT INTO PERSON_NUMBER VALUES ('20','01922311100');
INSERT INTO PERSON_NUMBER VALUES ('21','01882311252');
INSERT INTO PERSON_NUMBER VALUES ('22','01782355090');
SELECT COUNT(*)
FROM PERSON_NUMBER;
SELECT PERSON_ID
FROM PERSON_NUMBER
WHERE PHONE_NO LIKE '01926749123';
DELETE FROM PERSON_NUMBER;
SELECT COUNT(pn.phone_no)
FROM PERSON p JOIN PERSON_NUMBER pn 
ON(p.PERSON_ID=pn.PERSON_ID);
SELECT PHONE_NO
FROM PERSON_NUMBER
WHERE PERSON_ID=
(SELECT PERSON_ID
FROM PERSON
WHERE FIRST_NAME LIKE 'Shafqat');
--uber_user
INSERT INTO UBER_USER VALUES ('1','1-F/3,Mirbag,Dhaka','ECE Building,BUET,Dhaka','1-F/3,Mirbag,Dhaka');
INSERT INTO UBER_USER VALUES ('2','12-A,Dhanmondi,Dhaka','New Market,Dhaka','12-A,Dhanmondi,Dhaka');
INSERT INTO UBER_USER (UBER_USER_ID,HOME_LOCATION,CURRENT_LOCATION) VALUES ('3','12-D,Dhanmondi,Dhaka','12-D,Dhanmondi,Dhaka');
INSERT INTO UBER_USER (UBER_USER_ID,HOME_LOCATION,CURRENT_LOCATION) VALUES ('4','2-B,Badda,Dhaka','2-B,Badda,Dhaka');
INSERT INTO UBER_USER (UBER_USER_ID,HOME_LOCATION,CURRENT_LOCATION) VALUES ('5','3-D,Badda,Dhaka','3-D,Badda,Dhaka');
INSERT INTO UBER_USER (UBER_USER_ID,HOME_LOCATION,CURRENT_LOCATION) VALUES ('6','10-A,Dhanmondi,Dhaka','10-A,Dhanmondi,Dhaka');
INSERT INTO UBER_USER VALUES ('7','11-A,Jatrabari,Dhaka','9-A,Dhanmondi,Dhaka','11-A,Jatrabari,Dhaka');
INSERT INTO UBER_USER VALUES ('8','10-D,Jatrabari,Dhaka','9-B,Mirpur,Dhaka','10-D,Jatrabari,Dhaka');
INSERT INTO UBER_USER (UBER_USER_ID,HOME_LOCATION,CURRENT_LOCATION) VALUES ('9','9-C,Lalbag,Dhaka','9-C,Lalbag,Dhaka');
INSERT INTO UBER_USER (UBER_USER_ID,HOME_LOCATION,CURRENT_LOCATION) VALUES ('10','8-B,Lalbag,Dhaka','8-B,Lalbag,Dhaka');
INSERT INTO UBER_USER (UBER_USER_ID,HOME_LOCATION) VALUES ('11','1-C,Motijheel,Dhaka');
INSERT INTO UBER_USER (UBER_USER_ID,HOME_LOCATION) VALUES ('12','3-D,Motijheel,Dhaka');
--DRIVER
INSERT INTO DRIVER VALUES ('13','D:\2-2 project\image>1.jpg','531 234 1123','DK0981236CL0231');
INSERT INTO DRIVER VALUES ('14','D:\2-2 project\image>2.jpg','555 223 1342','DK7485369CL0652');
INSERT INTO DRIVER VALUES ('15','D:\2-2 project\image>3.jpg','128 876 4532','DK0927352CL9875');
INSERT INTO DRIVER VALUES ('16','D:\2-2 project\image>4.jpg','321 987 1223','DK1987286CL9178');
INSERT INTO DRIVER VALUES ('17','D:\2-2 project\image>5.jpg','786 543 2276','DK1398299CL8376');
--newly inserted
INSERT INTO DRIVER VALUES ('18','static/images/driver_image/18.png','521 123 1213','DK0918316CL0631');
INSERT INTO DRIVER VALUES ('19','static/images/driver_image/19.png','555 321 1217','DK0987319CL8345');
INSERT INTO DRIVER VALUES ('20','static/images/driver_image/20.png','521 545 1343','DK1398316CL7631');
INSERT INTO DRIVER VALUES ('21','static/images/driver_image/21.png','531 161 8913','DK0918876CL8821');
INSERT INTO DRIVER VALUES ('22','static/images/driver_image/22.png','555 767 5123','DK0918669CL0655');
--TRANSPORT
INSERT INTO TRANSPORT VALUES ('1','13','Honda','Activa','Dhaka Metro-LA-39-5382','Bike');
INSERT INTO TRANSPORT VALUES ('2','14','Suzuki','Access','Dhaka Metro-GA-25-6543','Bike');
INSERT INTO TRANSPORT VALUES ('3','15','Toyota','C-HR','Dhaka Metro-GHA-23-5412','Car');
INSERT INTO TRANSPORT VALUES ('4','16','Toyota','Prius','Dhaka Metro-KA-38-2143','Car');
INSERT INTO TRANSPORT VALUES ('5','17','Toyota','Corolla','Dhaka Metro-KA-26-6712','Car');
--newly inserted 
INSERT INTO TRANSPORT VALUES ('6','18','Yamaha','Fascino','Dhaka Metro-GA-23-1712','Bike');
INSERT INTO TRANSPORT VALUES ('7','19','TVS','XL100','Dhaka Metro-KHA-28-8723','Bike');
INSERT INTO TRANSPORT VALUES ('8','20','TVS','Jupiter','Dhaka Metro-KHA-27-6213','Bike');
INSERT INTO TRANSPORT VALUES ('9','21','Toyota','86','Dhaka Metro-KA-24-1981','Car');
INSERT INTO TRANSPORT VALUES ('10','22','Toyota','Avalon','Dhaka Metro-KA-22-1376','Car');
SELECT t.TRANS_LICENSE
FROM TRANSPORT t JOIN DRIVER d
ON (t.DRIVER_ID=d.DRIVER_ID);
--REQUEST
INSERT INTO REQUEST VALUES ('1','3','15','2');
INSERT INTO REQUEST VALUES ('2','3','15','6');
INSERT INTO REQUEST VALUES ('3','1','13','2');
INSERT INTO REQUEST VALUES ('4','4','16','1');
INSERT INTO REQUEST VALUES ('5','2','14','6');
--newly inserted
INSERT INTO REQUEST VALUES ('6','6','18','1');
INSERT INTO REQUEST VALUES ('7','7','19','1');
INSERT INTO REQUEST VALUES ('8','8','20','1');
INSERT INTO REQUEST VALUES ('9','9','21','2');
INSERT INTO REQUEST VALUES ('10','10','22','2');
--TRIP
INSERT INTO TRIP VALUES ('1',TO_DATE('11 OCT,2020 12:50:05', 'DD MON,YYYY hh24:mi:ss'),TO_DATE('12 OCT,2020 13:40:15', 'DD MON,YYYY hh24:mi:ss'),78,'Kalabagan 2nd Ln, Dhaka 1205, Bangladesh','BUET Central Road, Dhaka 1000, Bangladesh','15','2','1','1');
INSERT INTO TRIP VALUES ('2',TO_DATE('13 OCT,2020 11:20:55', 'DD MON,YYYY hh24:mi:ss'),TO_DATE('13 OCT,2020 11:50:10', 'DD MON,YYYY hh24:mi:ss'),84,'Nilkhet Rd, Dhaka, Bangladesh','Panthapath, Dhaka, Bangladesh','15','6','2','2');
INSERT INTO TRIP VALUES ('3',TO_DATE('11 OCT,2020 12:30:23', 'DD MON,YYYY hh24:mi:ss'),TO_DATE('11 OCT,2020 12:57:45', 'DD MON,YYYY hh24:mi:ss'),68,'TSC, Dhaka, Bangladesh','BUET, Chattri Hall Connecting Road, Dhaka 1000, Bangladesh','13','2','3','3');
INSERT INTO TRIP VALUES ('4',TO_DATE('22 JAN,2020 10:50:15', 'DD MON,YYYY hh24:mi:ss'),TO_DATE('22 JAN,2020 11:40:15', 'DD MON,YYYY hh24:mi:ss'),148,'Kalabagan 2nd Ln, Dhaka 1205, Bangladesh','Khilgaon, Dhaka, Bangladesh','16','1','4','4');
INSERT INTO TRIP VALUES ('5',TO_DATE('22 SEP,2020 16:22:08', 'DD MON,YYYY hh24:mi:ss'),TO_DATE('22 SEP,2020 16:58:10', 'DD MON,YYYY hh24:mi:ss'),73,'kamalapur, Kamalapur Rd, Dhaka 1222, Bangladesh','Khilgaon, Dhaka, Bangladesh','14','6','5','5');
--newly inserted
INSERT INTO TRIP VALUES ('6',TO_DATE('22 NOV,2020 16:32:08', 'DD MON,YYYY hh24:mi:ss'),TO_DATE('22 NOV,2020 17:50:10', 'DD MON,YYYY hh24:mi:ss'),150,'Hatir Jheel Link Rd, Dhaka, Bangladesh','Banani 13/E , house #135 Opposite of Prescription Point, Rd No. 13E, Dhaka 1213, Bangladesh','18','1','6','6');
INSERT INTO TRIP VALUES ('7',TO_DATE('23 NOV,2020 13:24:08', 'DD MON,YYYY hh24:mi:ss'),TO_DATE('23 NOV,2020 13:58:10', 'DD MON,YYYY hh24:mi:ss'),120,'5th floor, Opposite to Abahani Field, 754 Satmasjid Road, Dhaka 1218, Bangladesh','3 No Tejturi Bazar, West, Panthapath, Dhaka 1215, Bangladesh','19','1','7','7');
INSERT INTO TRIP VALUES ('8',TO_DATE('24 NOV,2020 08:22:58', 'DD MON,YYYY hh24:mi:ss'),TO_DATE('24 NOV,2020 09:12:10', 'DD MON,YYYY hh24:mi:ss'),68,'BUET New Academic Bldg Rd, Dhaka 1205, Bangladesh','2, 400 New Eskaton Road, Dhaka 1000, Bangladesh','20','1','8','8');
INSERT INTO TRIP VALUES ('9',TO_DATE('24 NOV,2020 09:16:48', 'DD MON,YYYY hh24:mi:ss'),TO_DATE('24 NOV,2020 09:58:10', 'DD MON,YYYY hh24:mi:ss'),105,'Banani 11 | Burger King, Aarong, Pizza Inn Area','M. Rahman Sorok, Dhaka 1205, Bangladesh','21','2','9','9');
INSERT INTO TRIP VALUES ('10',TO_DATE('25 NOV,2020 10:22:08', 'DD MON,YYYY hh24:mi:ss'),TO_DATE('25 NOV,2020 10:58:50', 'DD MON,YYYY hh24:mi:ss'),58,'House: 42/1 Road No 7, Block: H, Dhaka 1213, Bangladesh','Satmasjid Road, Dhaka 1205, Bangladesh','22','2','10','10');
--ACCIDENT
INSERT INTO ACCIDENT VALUES ('1','2','14',TO_DATE('21 OCT,2020 13:10:05', 'DD MON,YYYY hh24:mi:ss'));
INSERT INTO ACCIDENT VALUES ('2','2','14',TO_DATE('13 SEP,2020 9:18:25', 'DD MON,YYYY hh24:mi:ss'));
INSERT INTO ACCIDENT VALUES ('3','4','16',TO_DATE('18 OCT,2020 15:30:15', 'DD MON,YYYY hh24:mi:ss'));
INSERT INTO ACCIDENT VALUES ('4','1','13',TO_DATE('22 JUN,2019 10:10:35', 'DD MON,YYYY hh24:mi:ss'));
INSERT INTO ACCIDENT VALUES ('5','2','14',TO_DATE('11 AUG,2020 14:10:38', 'DD MON,YYYY hh24:mi:ss'));
INSERT INTO ACCIDENT VALUES ('6','4','16',TO_DATE('11 JAN,2020 16:50:05', 'DD MON,YYYY hh24:mi:ss'));
--new insertion
INSERT INTO ACCIDENT VALUES ('7','5','17',TO_DATE('11 NOV,2020 11:20:38', 'DD MON,YYYY hh24:mi:ss'));
INSERT INTO ACCIDENT VALUES ('8','1','13',TO_DATE('18 SEP,2020 9:11:20', 'DD MON,YYYY hh24:mi:ss'));
INSERT INTO ACCIDENT VALUES ('9','3','15',TO_DATE('22 OCT,2020 17:10:38', 'DD MON,YYYY hh24:mi:ss'));
INSERT INTO ACCIDENT VALUES ('10','3','15',TO_DATE('28 JUN,2020 8:42:56', 'DD MON,YYYY hh24:mi:ss'));
INSERT INTO ACCIDENT VALUES ('11','5','17',TO_DATE('30 SEP,2020 11:48:38', 'DD MON,YYYY hh24:mi:ss'));
--PROMO
INSERT INTO PROMO VALUES ('1',10,50,10,'INACTIVE',TO_DATE('11 JAN,2020', 'DD MON,YYYY'),TO_DATE('17 JAN,2020', 'DD MON,YYYY'));
INSERT INTO PROMO VALUES ('2',10,100,5,'ACTIVE',TO_DATE('1 NOV,2020', 'DD MON,YYYY'),TO_DATE('7 NOV,2020', 'DD MON,YYYY'));
INSERT INTO PROMO VALUES ('3',15,80,7,'INACTIVE',TO_DATE('21 JAN,2020', 'DD MON,YYYY'),TO_DATE('28 JAN,2020', 'DD MON,YYYY'));
INSERT INTO PROMO VALUES ('4',25,100,8,'INACTIVE',TO_DATE('11 FEB,2020', 'DD MON,YYYY'),TO_DATE('17 FEB,2020', 'DD MON,YYYY'));
INSERT INTO PROMO VALUES ('5',10,50,10,'INACTIVE',TO_DATE('18 FEB,2020', 'DD MON,YYYY'),TO_DATE('23 FEB,2020', 'DD MON,YYYY'));
INSERT INTO PROMO VALUES ('6',20,150,5,'INACTIVE',TO_DATE('23 FEB,2020', 'DD MON,YYYY'),TO_DATE('28 FEB,2020', 'DD MON,YYYY'));
INSERT INTO PROMO VALUES ('7',10,100,20,'INACTIVE',TO_DATE('03 MAR,2020', 'DD MON,YYYY'),TO_DATE('08 MAR,2020', 'DD MON,YYYY'));
INSERT INTO PROMO VALUES ('8',15,50,100,'INACTIVE',TO_DATE('10 APR,2020', 'DD MON,YYYY'),TO_DATE('17 APR,2020', 'DD MON,YYYY'));
INSERT INTO PROMO VALUES ('9',20,100,20,'INACTIVE',TO_DATE('18 APR,2020', 'DD MON,YYYY'),TO_DATE('15 APR,2020', 'DD MON,YYYY'));
INSERT INTO PROMO VALUES ('10',10,50,10,'INACTIVE',TO_DATE('11 MAY,2020', 'DD MON,YYYY'),TO_DATE('17 MAY,2020', 'DD MON,YYYY'));
--PAYMENT
INSERT INTO PAYMENT (PAYMENT_ID,NET_AMOUNT,PAYMENT_RATE) VALUES ('1',78,10);
INSERT INTO PAYMENT (PAYMENT_ID,NET_AMOUNT) VALUES ('2',84);
INSERT INTO PAYMENT (PAYMENT_ID,NET_AMOUNT,PAYMENT_RATE) VALUES ('3',68,10);
INSERT INTO PAYMENT (PAYMENT_ID,NET_AMOUNT,PAYMENT_RATE,PROMO_CODE_ID) VALUES ('4',78,10,'3');
INSERT INTO PAYMENT (PAYMENT_ID,NET_AMOUNT) VALUES ('5',73);
INSERT INTO PAYMENT (PAYMENT_ID,NET_AMOUNT,PAYMENT_RATE) VALUES ('6',92,10);
INSERT INTO PAYMENT (PAYMENT_ID,NET_AMOUNT,PAYMENT_RATE,PROMO_CODE_ID) VALUES ('7',65,10,'3');
INSERT INTO PAYMENT (PAYMENT_ID,NET_AMOUNT,PAYMENT_RATE,PROMO_CODE_ID) VALUES ('8',45,10,'5');
INSERT INTO PAYMENT (PAYMENT_ID,NET_AMOUNT,PAYMENT_RATE) VALUES ('9',150,10);
INSERT INTO PAYMENT (PAYMENT_ID,NET_AMOUNT,PAYMENT_RATE) VALUES ('10',127,8);
--LOCATION
INSERT INTO LOCATION VALUES (23.74731,90.3806933,'Kalabagan 2nd Ln, Dhaka 1205, Bangladesh');
INSERT INTO LOCATION VALUES (23.7486097,90.4061435,'Gulfesha Plaza, 69 Outer Circular Rd, Dhaka 1217, Bangladesh');
INSERT INTO LOCATION VALUES (23.7251787,90.3921513,'BUET Central Road, Dhaka 1000, Bangladesh');
INSERT INTO LOCATION VALUES (23.7247333,90.3922283,'BUET, Chattri Hall Connecting Road, Dhaka 1000, Bangladesh');
INSERT INTO LOCATION VALUES (23.7488185,90.3827734,'Bashir Uddin Rd, Dhaka 1205, Bangladesh');
INSERT INTO LOCATION VALUES (23.727057,90.3895894,'Polashi Market, Dhaka, Bangladesh');
INSERT INTO LOCATION VALUES (23.75214,90.421448,'Khilgaon, Dhaka, Bangladesh');
INSERT INTO LOCATION VALUES (23.7323237,90.3859943,'Nilkhet Rd, Dhaka, Bangladesh');
INSERT INTO LOCATION VALUES (23.7247689,90.3922171,'kamalapur, Kamalapur Rd, Dhaka 1222, Bangladesh');
INSERT INTO LOCATION VALUES (23.7416637,90.4178616,'Rajarbagh, Dhaka, Bangladesh');
INSERT INTO LOCATION VALUES (23.7323103,90.3957201,'TSC, Dhaka, Bangladesh');
INSERT INTO LOCATION VALUES (23.7783196,90.3602852,'Mirpur Rd, Dhaka, Bangladesh');
INSERT INTO LOCATION VALUES (23.7443891,90.3731592,'Almas, 8A Satmasjid Road, Dhanmondi 15,1207, Bangladesh');
INSERT INTO LOCATION VALUES (23.7458287,90.3771282,'Dhanmondi Lake, Dhaka 1205, Bangladesh');
INSERT INTO LOCATION VALUES (23.7321967,90.3952467,'Arts Faculty, Dhaka, Bangladesh');
INSERT INTO LOCATION VALUES (23.7820333,90.3511017,'Lalmatia, Dhaka, Bangladesh');
INSERT INTO LOCATION VALUES (23.7505133,90.3895633,'Panthapath, Dhaka, Bangladesh');
--SEES
INSERT INTO SEES VALUES (23.7820333,90.3511017,'2');
INSERT INTO SEES VALUES (23.7321967,90.3952467,'1');
INSERT INTO SEES VALUES (23.7323103,90.3957201,'2');
INSERT INTO SEES VALUES (23.7458287,90.3771282,'7');
INSERT INTO SEES VALUES (23.727057,90.3895894,'4');
INSERT INTO SEES VALUES (23.7416637,90.4178616,'5');
INSERT INTO SEES VALUES (23.7486097,90.4061435,'6');
INSERT INTO SEES VALUES (23.7505133,90.3895633,'6');
INSERT INTO SEES VALUES (23.7443891,90.3731592,'10');
INSERT INTO SEES VALUES (23.7820333,90.3511017,'1');
INSERT INTO SEES VALUES (23.7323103,90.3957201,'9');
INSERT INTO SEES VALUES (23.7247333,90.3922283,'8');
--GETS
INSERT INTO GETS VALUES ('1','2');
INSERT INTO GETS VALUES ('9','9');
INSERT INTO GETS VALUES ('9','8');
INSERT INTO GETS VALUES ('6','6');
INSERT INTO GETS VALUES ('3','4');
INSERT INTO GETS VALUES ('4','3');
INSERT INTO GETS VALUES ('11','8');
INSERT INTO GETS VALUES ('5','5');
INSERT INTO GETS VALUES ('6','9');
INSERT INTO GETS VALUES ('5','6');
INSERT INTO GETS VALUES ('1','4');
INSERT INTO GETS VALUES ('6','2');
INSERT INTO GETS VALUES ('5','7');
INSERT INTO GETS VALUES ('8','8');
INSERT INTO GETS VALUES ('10','4');
--CHOOSE
INSERT INTO CHOOSE VALUES ('5','1');
INSERT INTO CHOOSE VALUES ('11','3');
INSERT INTO CHOOSE VALUES ('10','5');
INSERT INTO CHOOSE VALUES ('9','1');
INSERT INTO CHOOSE VALUES ('7','1');
INSERT INTO CHOOSE VALUES ('8','5');
INSERT INTO CHOOSE VALUES ('4','2');
INSERT INTO CHOOSE VALUES ('2','4');
INSERT INTO CHOOSE VALUES ('3','1');
INSERT INTO CHOOSE VALUES ('2','3');
INSERT INTO CHOOSE VALUES ('5','1');

--DELETE FROM PERSON WHERE person_id='19';
--UPDATE PERSON SET RATING=4.8 WHERE PERSON_ID = '13';
--UPDATE PERSON SET RATING=4.72 WHERE PERSON_ID = '15';
--UPDATE PERSON SET RATING=4.86 WHERE PERSON_ID = '17';
--DELETE FROM PERSON_NUMBER WHERE PHONE_NO = '01926749123';
--DELETE FROM PERSON_NUMBER WHERE PHONE_NO = '01672368512';
--DELETE FROM PERSON_NUMBER WHERE PHONE_NO = '01674398714';
--DELETE FROM PERSON_NUMBER WHERE PHONE_NO = '01674398714';
UPDATE PERSON SET NO_OF_PERSON_RATED=5 WHERE PERSON_ID='1';
UPDATE PERSON SET NO_OF_PERSON_RATED=5 WHERE PERSON_ID='2';
UPDATE PERSON SET NO_OF_PERSON_RATED=5 WHERE PERSON_ID='3';
UPDATE PERSON SET NO_OF_PERSON_RATED=5 WHERE PERSON_ID='4';
UPDATE PERSON SET NO_OF_PERSON_RATED=5 WHERE PERSON_ID='5';
UPDATE PERSON SET NO_OF_PERSON_RATED=5 WHERE PERSON_ID='6';
UPDATE PERSON SET NO_OF_PERSON_RATED=5 WHERE PERSON_ID='7';
UPDATE PERSON SET NO_OF_PERSON_RATED=5 WHERE PERSON_ID='8';
UPDATE PERSON SET NO_OF_PERSON_RATED=5 WHERE PERSON_ID='9';
UPDATE PERSON SET NO_OF_PERSON_RATED=5 WHERE PERSON_ID='10';
UPDATE PERSON SET NO_OF_PERSON_RATED=5 WHERE PERSON_ID='11';
UPDATE PERSON SET NO_OF_PERSON_RATED=5 WHERE PERSON_ID='12';
UPDATE PERSON SET NO_OF_PERSON_RATED=5 WHERE PERSON_ID='13';
UPDATE PERSON SET NO_OF_PERSON_RATED=5 WHERE PERSON_ID='14';
UPDATE PERSON SET NO_OF_PERSON_RATED=5 WHERE PERSON_ID='15';
UPDATE PERSON SET NO_OF_PERSON_RATED=5 WHERE PERSON_ID='16';
UPDATE PERSON SET NO_OF_PERSON_RATED=5 WHERE PERSON_ID='17';